{
    "Media and Entertainment": 0.948060154914856,
    "IT": 0.998224675655365,
    "Real Estate": -0.9298278093338013,
    "Finance": 0.9783339500427246,
    "Technology": -0.9995971322059631,
    "Education": 0.99793541431427,
    "Pharma": 0.9980846643447876,
    "Energy": 0.99793541431427,
    "Retail": -0.9899543523788452
}